-- phpMyAdmin SQL Dump
-- version 4.5.1
-- http://www.phpmyadmin.net
--
-- Servidor: 127.0.0.1
-- Tiempo de generación: 09-03-2017 a las 21:02:22
-- Versión del servidor: 10.1.19-MariaDB
-- Versión de PHP: 5.6.28

SET SQL_MODE = "NO_AUTO_VALUE_ON_ZERO";
SET time_zone = "+00:00";


/*!40101 SET @OLD_CHARACTER_SET_CLIENT=@@CHARACTER_SET_CLIENT */;
/*!40101 SET @OLD_CHARACTER_SET_RESULTS=@@CHARACTER_SET_RESULTS */;
/*!40101 SET @OLD_COLLATION_CONNECTION=@@COLLATION_CONNECTION */;
/*!40101 SET NAMES utf8mb4 */;

--
-- Base de datos: `websystique`
--

-- --------------------------------------------------------

--
-- Estructura de tabla para la tabla `app_user`
--

CREATE TABLE `app_user` (
  `id` bigint(20) NOT NULL,
  `sso_id` varchar(30) NOT NULL,
  `password` varchar(100) NOT NULL,
  `first_name` varchar(30) NOT NULL,
  `last_name` varchar(30) NOT NULL,
  `email` varchar(30) NOT NULL
) ENGINE=InnoDB DEFAULT CHARSET=latin1;

--
-- Volcado de datos para la tabla `app_user`
--

INSERT INTO `app_user` (`id`, `sso_id`, `password`, `first_name`, `last_name`, `email`) VALUES
(1, 'amh', '123', 'andres', 'montoya', 'andresmhkun@gmail.com'),
(2, 'josele', '123', 'jose', 'joseles', 'josele@mail.co'),
(3, 'pepe', '123', 'Pedro', 'Pedrolo', 'pepe@gmail.com');

-- --------------------------------------------------------

--
-- Estructura de tabla para la tabla `app_user_user_profile`
--

CREATE TABLE `app_user_user_profile` (
  `user_id` bigint(20) NOT NULL,
  `user_profile_id` bigint(20) NOT NULL
) ENGINE=InnoDB DEFAULT CHARSET=latin1;

--
-- Volcado de datos para la tabla `app_user_user_profile`
--

INSERT INTO `app_user_user_profile` (`user_id`, `user_profile_id`) VALUES
(1, 1),
(1, 2),
(1, 3),
(2, 1),
(3, 1),
(3, 3);

-- --------------------------------------------------------

--
-- Estructura de tabla para la tabla `employee`
--

CREATE TABLE `employee` (
  `id` int(11) NOT NULL,
  `name` varchar(50) NOT NULL,
  `joining_date` date NOT NULL,
  `salary` double NOT NULL,
  `ssn` varchar(30) NOT NULL
) ENGINE=InnoDB DEFAULT CHARSET=latin1;

--
-- Volcado de datos para la tabla `employee`
--

INSERT INTO `employee` (`id`, `name`, `joining_date`, `salary`, `ssn`) VALUES
(1, 'andres', '1991-01-12', 1200, '123');

-- --------------------------------------------------------

--
-- Estructura de tabla para la tabla `user_profile`
--

CREATE TABLE `user_profile` (
  `id` bigint(20) NOT NULL,
  `type` varchar(30) NOT NULL
) ENGINE=InnoDB DEFAULT CHARSET=latin1;

--
-- Volcado de datos para la tabla `user_profile`
--

INSERT INTO `user_profile` (`id`, `type`) VALUES
(2, 'ADMIN'),
(3, 'DBA'),
(1, 'USER');

--
-- Índices para tablas volcadas
--

--
-- Indices de la tabla `app_user`
--
ALTER TABLE `app_user`
  ADD PRIMARY KEY (`id`),
  ADD UNIQUE KEY `sso_id` (`sso_id`);

--
-- Indices de la tabla `app_user_user_profile`
--
ALTER TABLE `app_user_user_profile`
  ADD PRIMARY KEY (`user_id`,`user_profile_id`),
  ADD KEY `FK_USER_PROFILE` (`user_profile_id`);

--
-- Indices de la tabla `employee`
--
ALTER TABLE `employee`
  ADD PRIMARY KEY (`id`),
  ADD UNIQUE KEY `ssn` (`ssn`);

--
-- Indices de la tabla `user_profile`
--
ALTER TABLE `user_profile`
  ADD PRIMARY KEY (`id`),
  ADD UNIQUE KEY `type` (`type`);

--
-- AUTO_INCREMENT de las tablas volcadas
--

--
-- AUTO_INCREMENT de la tabla `app_user`
--
ALTER TABLE `app_user`
  MODIFY `id` bigint(20) NOT NULL AUTO_INCREMENT, AUTO_INCREMENT=4;
--
-- AUTO_INCREMENT de la tabla `employee`
--
ALTER TABLE `employee`
  MODIFY `id` int(11) NOT NULL AUTO_INCREMENT, AUTO_INCREMENT=2;
--
-- AUTO_INCREMENT de la tabla `user_profile`
--
ALTER TABLE `user_profile`
  MODIFY `id` bigint(20) NOT NULL AUTO_INCREMENT, AUTO_INCREMENT=4;
--
-- Restricciones para tablas volcadas
--

--
-- Filtros para la tabla `app_user_user_profile`
--
ALTER TABLE `app_user_user_profile`
  ADD CONSTRAINT `FK_APP_USER` FOREIGN KEY (`user_id`) REFERENCES `app_user` (`id`),
  ADD CONSTRAINT `FK_USER_PROFILE` FOREIGN KEY (`user_profile_id`) REFERENCES `user_profile` (`id`);

/*!40101 SET CHARACTER_SET_CLIENT=@OLD_CHARACTER_SET_CLIENT */;
/*!40101 SET CHARACTER_SET_RESULTS=@OLD_CHARACTER_SET_RESULTS */;
/*!40101 SET COLLATION_CONNECTION=@OLD_COLLATION_CONNECTION */;
